n,kind,end,rule,R,signal_probability,mcse,wilson_lo,wilson_hi,detected_R,nondetected_R,mean_first_month_conditional,median_lag_conditional,mean_lag_conditional,restricted_mean_lag,mean_shift,shift_mcse
1000,abrupt,0.8,eight_same_side,10000,0.1106,0.0031363615863,0.104601734857,0.116897323074,1106,8894,39.095840868,14.0,14.095840868,22.9046,-3.33125e-05,1.8021089889e-05
1000,abrupt,0.8,three_sigma,10000,0.0759,0.0026483804485,0.0708705655803,0.0812551418377,759,9241,36.5454545455,12.0,11.5454545455,23.0547,-3.33125e-05,1.8021089889e-05
1000,abrupt,0.82,eight_same_side,10000,0.1291,0.00335310587366,0.122670176777,0.135814673214,1291,8709,39.4469403563,14.0,14.4469403563,22.7667,0.000993825,1.79867311516e-05
1000,abrupt,0.82,three_sigma,10000,0.1123,0.00315735189676,0.106259977532,0.118637774804,1123,8877,36.4594835263,11.0,11.4594835263,22.5917,0.000993825,1.79867311516e-05
1000,abrupt,0.85,eight_same_side,10000,0.2291,0.00420253720983,0.220968128217,0.2374399221,2291,7709,38.807071148,14.0,13.807071148,21.6648,0.00248479166667,1.81130561734e-05
1000,abrupt,0.85,three_sigma,10000,0.1905,0.00392695492717,0.182922717464,0.198314977528,1905,8095,35.9511811024,11.0,10.9511811024,21.5142,0.00248479166667,1.81130561734e-05
1000,abrupt,0.9,eight_same_side,10000,0.5254,0.00499354423231,0.515604954038,0.535175538844,5254,4746,37.5829843928,12.0,12.5829843928,18.0015,0.00498775,1.84271592974e-05
1000,abrupt,0.9,three_sigma,10000,0.4225,0.00493957234991,0.412850189217,0.432209330531,4225,5775,35.0542011834,9.0,10.0542011834,18.1079,0.00498775,1.84271592974e-05
1000,abrupt,0.95,eight_same_side,10000,0.8216,0.00382849108658,0.813973225982,0.828979786265,8216,1784,36.1983933788,9.0,11.1983933788,13.4822,0.00753324583333,1.86328890539e-05
1000,abrupt,0.95,three_sigma,10000,0.7228,0.00447616085502,0.713942598458,0.731486291868,7228,2772,33.4277808522,7.0,8.42778085224,12.7444,0.00753324583333,1.86328890539e-05
1000,gradual,0.8,eight_same_side,10000,0.1121,0.00315489445148,0.106064866667,0.118433039269,1121,8879,39.3666369313,14.0,14.3666369313,22.9201,1.89708333333e-05,1.79405799515e-05
1000,gradual,0.8,three_sigma,10000,0.0833,0.00276335140726,0.0780426192332,0.088877405009,833,9167,36.1464585834,11.0,11.1464585834,22.9293,1.89708333333e-05,1.79405799515e-05
1000,gradual,0.82,eight_same_side,10000,0.117,0.00321420285607,0.110846842359,0.123447300393,1170,8830,39.1923076923,14.0,14.1923076923,22.8525,0.000525004166667,1.78293184807e-05
1000,gradual,0.82,three_sigma,10000,0.0924,0.00289589778825,0.0868795941568,0.098233441315,924,9076,36.724025974,12.0,11.724025974,22.8657,0.000525004166667,1.78293184807e-05
1000,gradual,0.85,eight_same_side,10000,0.1398,0.00346779411154,0.133141462229,0.146735170197,1398,8602,40.2281831187,16.0,15.2281831187,22.7737,0.00125789166667,1.78501432512e-05
1000,gradual,0.85,three_sigma,10000,0.1327,0.00339250217391,0.126191641265,0.139490443938,1327,8673,38.1401657875,14.0,13.1401657875,22.5589,0.00125789166667,1.78501432512e-05
1000,gradual,0.9,eight_same_side,10000,0.2565,0.00436700984657,0.248035454281,0.265151552925,2565,7435,41.5808966862,17.0,16.5808966862,22.097,0.00249147083333,1.8500019399e-05
1000,gradual,0.9,three_sigma,10000,0.2313,0.00421663740438,0.223139665642,0.239666695083,2313,7687,39.9515780372,16.0,14.9515780372,21.9071,0.00249147083333,1.8500019399e-05
1000,gradual,0.95,eight_same_side,10000,0.4314,0.00495271683019,0.421721023869,0.441131660707,4314,5686,41.8736671303,18.0,16.8736671303,20.9257,0.00371763333333,1.80883568408e-05
1000,gradual,0.95,three_sigma,10000,0.3754,0.00484226021606,0.365958892315,0.384936800079,3754,6246,40.6803409696,17.0,15.6803409696,20.8768,0.00371763333333,1.80883568408e-05
250,abrupt,0.8,eight_same_side,10000,0.1179,0.00322489674253,0.111725554876,0.124367896679,1179,8821,39.1000848176,14.0,14.1000848176,22.8328,-4.08166666667e-05,3.54508332219e-05
250,abrupt,0.8,three_sigma,10000,0.0952,0.00293490987937,0.0896021291752,0.101108755906,952,9048,36.0787815126,11.0,11.0787815126,22.7699,-4.08166666667e-05,3.54508332219e-05
250,abrupt,0.82,eight_same_side,10000,0.114,0.00317811264747,0.107918669487,0.120377777256,1140,8860,39.6131578947,15.0,14.6131578947,22.9299,0.000994966666667,3.60768217102e-05
250,abrupt,0.82,three_sigma,10000,0.1213,0.00326475588674,0.115046192385,0.127844647981,1213,8787,36.1723000824,11.0,11.1723000824,22.444,0.000994966666667,3.60768217102e-05
250,abrupt,0.85,eight_same_side,10000,0.1243,0.00329923491131,0.117977518788,0.130911017588,1243,8757,38.8672566372,13.0,13.8672566372,22.7405,0.00251041666667,3.56438373645e-05
250,abrupt,0.85,three_sigma,10000,0.1676,0.00373510695965,0.160407258753,0.175048023363,1676,8324,36.2368735084,11.0,11.2368735084,21.8609,0.00251041666667,3.56438373645e-05
250,abrupt,0.9,eight_same_side,10000,0.2049,0.00403628529715,0.197103051447,0.212923584392,2049,7951,38.7306002928,14.0,13.7306002928,21.8958,0.00496208333333,3.65953608052e-05
250,abrupt,0.9,three_sigma,10000,0.2644,0.00441013197081,0.255847956395,0.273132983637,2644,7356,35.6327534039,10.0,10.6327534039,20.4657,0.00496208333333,3.65953608052e-05
250,abrupt,0.95,eight_same_side,10000,0.3296,0.00470067909987,0.320453808273,0.338877058372,3296,6704,38.0121359223,12.0,13.0121359223,20.3784,0.00748735,3.73797048289e-05
250,abrupt,0.95,three_sigma,10000,0.3945,0.00488743030641,0.384963078142,0.404117945514,3945,6055,35.0699619772,9.0,10.0699619772,18.5046,0.00748735,3.73797048289e-05
250,gradual,0.8,eight_same_side,10000,0.1127,0.00316225726341,0.106650217902,0.119047227236,1127,8873,39.0115350488,14.0,14.0115350488,22.8743,2.92166666667e-05,3.54125023254e-05
250,gradual,0.8,three_sigma,10000,0.0971,0.00296093887137,0.0914504314368,0.10305899445,971,9029,35.7085478888,10.0,10.7085478888,22.7094,2.92166666667e-05,3.54125023254e-05
250,gradual,0.82,eight_same_side,10000,0.1132,0.00316837119038,0.107138053164,0.119559007976,1132,8868,39.214664311,14.0,14.214664311,22.8923,0.000458816666667,3.58091237656e-05
250,gradual,0.82,three_sigma,10000,0.1087,0.00311262445534,0.102748947653,0.114951569472,1087,8913,36.7792088316,12.0,11.7792088316,22.6716,0.000458816666667,3.58091237656e-05
250,gradual,0.85,eight_same_side,10000,0.1164,0.00320703975654,0.110261100251,0.122833503299,1164,8836,39.337628866,14.0,14.337628866,22.8753,0.00128066666667,3.59563271696e-05
250,gradual,0.85,three_sigma,10000,0.1331,0.00339682778486,0.126583016409,0.139898761596,1331,8669,37.3410969196,13.0,12.3410969196,22.4482,0.00128066666667,3.59563271696e-05
250,gradual,0.9,eight_same_side,10000,0.1388,0.00345737704047,0.132162247302,0.145715153121,1388,8612,40.1808357349,15.0,15.1808357349,22.7759,0.00251123333333,3.62464693405e-05
250,gradual,0.9,three_sigma,10000,0.1766,0.00381329830986,0.169250661007,0.184197709139,1766,8234,38.1993204983,14.0,13.1993204983,22.0926,0.00251123333333,3.62464693405e-05
250,gradual,0.95,eight_same_side,10000,0.1802,0.00384353951456,0.172790049103,0.187855556255,1802,8198,40.6709211987,16.0,15.6709211987,22.4991,0.00370771666667,3.65246743911e-05
250,gradual,0.95,three_sigma,10000,0.2258,0.00418108072154,0.217711421724,0.234099162983,2258,7742,39.1926483614,15.0,14.1926483614,21.7855,0.00370771666667,3.65246743911e-05
500,abrupt,0.8,eight_same_side,10000,0.1087,0.00311262445534,0.102748947653,0.114951569472,1087,8913,39.2916283349,14.0,14.2916283349,22.9447,4.2175e-05,2.51269205863e-05
500,abrupt,0.8,three_sigma,10000,0.0829,0.00275731010226,0.0776546015737,0.0884657298671,829,9171,36.369119421,11.0,11.369119421,22.9529,4.2175e-05,2.51269205863e-05
500,abrupt,0.82,eight_same_side,10000,0.1158,0.00319984937145,0.109675411547,0.122219652801,1158,8842,39.0690846287,14.0,14.0690846287,22.85,0.00101795,2.56142549262e-05
500,abrupt,0.82,three_sigma,10000,0.1123,0.00315735189676,0.106259977532,0.118637774804,1123,8877,36.500445236,12.0,11.500445236,22.5963,0.00101795,2.56142549262e-05
500,abrupt,0.85,eight_same_side,10000,0.154,0.00360948749825,0.147058508595,0.161207218277,1540,8460,38.9181818182,13.5,13.9181818182,22.4474,0.00246164166667,2.56085171725e-05
500,abrupt,0.85,three_sigma,10000,0.1733,0.00378506420025,0.166007226396,0.180843678139,1733,8267,36.0600115407,11.0,11.0600115407,21.7575,0.00246164166667,2.56085171725e-05
500,abrupt,0.9,eight_same_side,10000,0.3329,0.00471251090184,0.3237293651,0.342198967155,3329,6671,38.4037248423,13.0,13.4037248423,20.4725,0.00498418333333,2.60469564213e-05
500,abrupt,0.9,three_sigma,10000,0.3126,0.00463552844884,0.303587952021,0.321755970568,3126,6874,35.6839411388,10.0,10.6839411388,19.8374,0.00498418333333,2.60469564213e-05
500,abrupt,0.95,eight_same_side,10000,0.5559,0.00496865364058,0.546141998583,0.565615070399,5559,4441,37.7191940997,12.0,12.7191940997,17.729,0.007507425,2.6365073936e-05
500,abrupt,0.95,three_sigma,10000,0.5153,0.00499765855176,0.505500773151,0.525087476499,5153,4847,34.897729478,9.0,9.89772947797,16.7331,0.007507425,2.6365073936e-05
500,gradual,0.8,eight_same_side,10000,0.1154,0.00319504053182,0.109284982258,0.121810389289,1154,8846,39.2296360485,14.0,14.2296360485,22.8725,1.90166666667e-05,2.53666856146e-05
500,gradual,0.8,three_sigma,10000,0.0912,0.00287893313573,0.085713273168,0.0970006838999,912,9088,36.2675438596,11.0,11.2675438596,22.8388,1.90166666667e-05,2.53666856146e-05
500,gradual,0.82,eight_same_side,10000,0.1099,0.00312765071579,0.103919061744,0.116180533784,1099,8901,39.440400364,14.0,14.440400364,22.9494,0.000536058333333,2.53232574975e-05
500,gradual,0.82,three_sigma,10000,0.0985,0.00297989513238,0.0928127747127,0.104495575979,985,9015,36.9258883249,12.0,11.9258883249,22.8107,0.000536058333333,2.53232574975e-05
500,gradual,0.85,eight_same_side,10000,0.1257,0.00331510950045,0.119345893161,0.13234156802,1257,8743,39.6412092283,15.0,14.6412092283,22.8236,0.00125310833333,2.56706707146e-05
500,gradual,0.85,three_sigma,10000,0.1261,0.00331962030961,0.119736905786,0.132750248195,1261,8739,37.7002379064,13.0,12.7002379064,22.5751,0.00125310833333,2.56706707146e-05
500,gradual,0.9,eight_same_side,10000,0.1745,0.0037953886494,0.167186544578,0.182063438362,1745,8255,40.8114613181,16.0,15.8114613181,22.5711,0.00245895833333,2.5815715938e-05
500,gradual,0.9,three_sigma,10000,0.1902,0.00392458864086,0.182627467274,0.198010458116,1902,8098,38.8659305994,15.0,13.8659305994,22.0725,0.00245895833333,2.5815715938e-05
500,gradual,0.95,eight_same_side,10000,0.2739,0.00445958282802,0.265247447375,0.282726196688,2739,7261,41.595837897,17.0,16.595837897,21.972,0.003764625,2.59233253833e-05
500,gradual,0.95,three_sigma,10000,0.2821,0.0045002176614,0.273364705403,0.291002641087,2821,7179,40.0315490961,16.0,15.0315490961,21.47,0.003764625,2.59233253833e-05
5000,abrupt,0.8,eight_same_side,10000,0.1098,0.00312640304503,0.103821543395,0.116078128933,1098,8902,39.1921675774,14.0,14.1921675774,22.9231,-4.96833333333e-06,7.95184145481e-06
5000,abrupt,0.8,three_sigma,10000,0.0752,0.00263713784243,0.0701928458923,0.0805333991234,752,9248,35.9428191489,11.0,10.9428191489,23.0181,-4.96833333333e-06,7.95184145481e-06
5000,abrupt,0.82,eight_same_side,10000,0.2207,0.00414718591336,0.212679768827,0.228934732663,2207,7793,38.7503398278,13.0,13.7503398278,21.7379,0.00100585416667,8.06798195344e-06
5000,abrupt,0.82,three_sigma,10000,0.1515,0.0035853556309,0.144606730487,0.158660916378,1515,8485,36.1438943894,11.0,11.1438943894,22.0523,0.00100585416667,8.06798195344e-06
5000,abrupt,0.85,eight_same_side,10000,0.6434,0.0047899524006,0.633958441608,0.65273142766,6434,3566,37.1403481505,11.0,12.1403481505,16.3695,0.00251049666667,8.10081828117e-06
5000,abrupt,0.85,three_sigma,10000,0.4336,0.00495571427748,0.423914307589,0.443336687395,4336,5664,35.1042435424,10.0,10.1042435424,17.9748,0.00251049666667,8.10081828117e-06
5000,abrupt,0.9,eight_same_side,10000,0.9858,0.00118314665194,0.983287481323,0.98793942586,9858,142,33.6620004058,7.0,8.66200040576,8.8798,0.0049946575,8.26647038916e-06
5000,abrupt,0.9,three_sigma,10000,0.9425,0.00232795511125,0.937765085183,0.946895076259,9425,575,30.7695490716,4.0,5.76954907162,6.8178,0.0049946575,8.26647038916e-06
5000,abrupt,0.95,eight_same_side,10000,0.9998,0.000141407213395,0.999271004156,0.999945151073,9998,2,32.2184436887,7.0,7.21844368874,7.2218,0.00751975666667,8.2447000436e-06
5000,abrupt,0.95,three_sigma,10000,1.0,0.0,0.999616001629,1.0,10000,0,26.5897,1.0,1.5897,1.5897,0.00751975666667,8.2447000436e-06
5000,gradual,0.8,eight_same_side,10000,0.1051,0.00306682229678,0.0992400210505,0.111263260863,1051,8949,39.0485252141,14.0,14.0485252141,22.9541,-3.76666666667e-07,8.01071228398e-06
5000,gradual,0.8,three_sigma,10000,0.0768,0.00266273844003,0.0717421087767,0.0821829074442,768,9232,36.26171875,11.0,11.26171875,23.0217,-3.76666666667e-07,8.01071228398e-06
5000,gradual,0.82,eight_same_side,10000,0.1368,0.0034363608658,0.130204173796,0.143674762621,1368,8632,40.0160818713,15.0,15.0160818713,22.771,0.000496883333333,8.04535986201e-06
5000,gradual,0.82,three_sigma,10000,0.109,0.00311639214477,0.103041454404,0.115258832321,1090,8910,37.7348623853,13.0,12.7348623853,22.7721,0.000496883333333,8.04535986201e-06
5000,gradual,0.85,eight_same_side,10000,0.306,0.00460829686544,0.297043826849,0.315105164518,3060,6940,41.8009803922,18.0,16.8009803922,21.7971,0.00124862083333,7.97389242761e-06
5000,gradual,0.85,three_sigma,10000,0.2184,0.00413160307871,0.210411173537,0.226605094345,2184,7816,40.1996336996,17.0,15.1996336996,22.078,0.00124862083333,7.97389242761e-06
5000,gradual,0.9,eight_same_side,10000,0.7266,0.0044570443121,0.717778583601,0.735247388338,7266,2734,41.5071566199,17.0,16.5071566199,18.5557,0.00250378833333,8.09255512926e-06
5000,gradual,0.9,three_sigma,10000,0.6173,0.00486045995766,0.607730353241,0.626779560741,6173,3827,41.4438684594,18.0,16.4438684594,19.3356,0.00250378833333,8.09255512926e-06
5000,gradual,0.95,eight_same_side,10000,0.9507,0.00216493671963,0.946281020015,0.954772843854,9507,493,40.0320816241,15.0,15.0320816241,15.4742,0.00375367333333,8.15290773878e-06
5000,gradual,0.95,three_sigma,10000,0.9383,0.00240609870953,0.93341372923,0.942849657798,9383,617,40.0114036023,16.0,15.0114036023,15.566,0.00375367333333,8.15290773878e-06
